max_depth,eta,cutoff,precision,precision_std,recall,recall_std,accuracy,accuracy_std
3,0.01,0.5,0.8947368421052632,0,1,0,0.9411764705882353,0
3,0.01,0.5,0.9155975877192982,0.02234274089184611,0.9338235294117647,0.07331902675048382,0.9227941176470588,0.02188305321008368
3,0.01,0.5,0.9235111369109047,0.02134326632005934,0.9264705882352942,0.06207586506012782,0.9240196078431372,0.01966346833592711
3,0.01,0.5,0.9426333526831785,0.03878360798007827,0.9448529411764706,0.0625072083501768,0.9430147058823529,0.037922932230081266
3,0.01,0.5,0.9319243323326141,0.05203115120577604,0.9558823529411764,0.059973283677431946,0.9411764705882353,0.04048512950656973
3,0.01,0.5,0.9257264172947223,0.04936433817443489,0.9632352941176471,0.057038122118067074,0.9411764705882353,0.03679666130418967
3,0.01,0.5,0.9284004211732539,0.04604688479064652,0.9684873949579832,0.05424949094937928,0.9453781512605042,0.0355422340068614
3,0.01,0.5,0.9288525615090534,0.0436804555048716,0.9724264705882353,0.051724097837771654,0.9477415966386554,0.03406409586388937
3,0.01,0.5,0.930584992946319,0.04140801432702031,0.9754901960784313,0.04946575681600489,0.9502801120448179,0.03287514512834492
3,0.01,0.5,0.9294855579791725,0.040165627002278305,0.9779411764705882,0.04744842494645893,0.9508403361344537,0.03154368933045498
5,0.01,0.5,0.8723684210526316,0.025828827832167483,1,0,0.9264705882352942,0.016980890270283114
5,0.01,0.5,0.9048116615067079,0.03869922600340555,0.9411764705882353,0.07701807890682086,0.9191176470588235,0.026070742953762306
5,0.01,0.5,0.9160141468868249,0.03503951570393562,0.9264705882352942,0.06695178623288192,0.9191176470588235,0.02216995180718851
5,0.01,0.5,0.9370106101651187,0.0480737730561917,0.9448529411764706,0.06609472074777717,0.9393382352941176,0.04085130715686406
5,0.01,0.5,0.9373069008305076,0.0556814396781965,0.9558823529411764,0.06293669148686107,0.9441176470588235,0.04362469698291568
5,0.01,0.5,0.9294808968909201,0.05368314495631004,0.9558823529411764,0.05818063000551063,0.9399509803921569,0.041120867341365434
5,0.01,0.5,0.9316185465414236,0.04983339834182252,0.9621848739495799,0.055952337130078925,0.944327731092437,0.03949190768263216
5,0.01,0.5,0.9332217837793012,0.046706595423442715,0.9669117647058824,0.05374157757637346,0.9477153361344538,0.03796436583437834
5,0.01,0.5,0.9318452892853047,0.04624845536720601,0.9705882352941176,0.05166529797962823,0.9486227824463118,0.03684422696229125
5,0.01,0.5,0.9306198246842596,0.04468512843331573,0.9735294117647059,0.04975318373720713,0.9493487394957983,0.03528898060315892
7,0.01,0.5,0.8723684210526316,0.025828827832167483,1,0,0.9264705882352942,0.016980890270283114
7,0.01,0.5,0.9048116615067079,0.03869922600340555,0.9411764705882353,0.07701807890682086,0.9191176470588235,0.026070742953762306
7,0.01,0.5,0.9160141468868249,0.03503951570393562,0.9264705882352942,0.06695178623288192,0.9191176470588235,0.02216995180718851
7,0.01,0.5,0.9370106101651187,0.0480737730561917,0.9448529411764706,0.06609472074777717,0.9393382352941176,0.04085130715686406
7,0.01,0.5,0.9348215207135486,0.056450143281068677,0.9558823529411764,0.06293669148686107,0.9426470588235294,0.04317886631731703
7,0.01,0.5,0.9274097467934542,0.05403844480405355,0.9558823529411764,0.05818063000551063,0.9387254901960784,0.04060312068743236
7,0.01,0.5,0.92984327502931,0.050243273702275555,0.9621848739495799,0.055952337130078925,0.9432773109243697,0.03915728611362649
7,0.01,0.5,0.9316684212062017,0.047145832926282404,0.9669117647058824,0.05374157757637346,0.9467962184873949,0.037748163657148524
7,0.01,0.5,0.9304645225536609,0.04660222262406614,0.9705882352941176,0.05166529797962823,0.9478057889822595,0.03666891807109225
7,0.01,0.5,0.9281344445673005,0.04523996403863022,0.9735294117647059,0.04975318373720713,0.9478781512605042,0.03497691851842784
9,0.01,0.5,0.8723684210526316,0.025828827832167483,1,0,0.9264705882352942,0.016980890270283114
9,0.01,0.5,0.9131449948400413,0.05095542746727757,0.9411764705882353,0.07701807890682086,0.9227941176470588,0.021883053210083683
9,0.01,0.5,0.9215697024423805,0.04252137772722883,0.9264705882352942,0.06695178623288192,0.9215686274509803,0.019157027861144992
9,0.01,0.5,0.9411772768317853,0.05055866422745537,0.9448529411764706,0.06609472074777717,0.9411764705882353,0.03872238756496373
9,0.01,0.5,0.9381548540468819,0.058295775820065794,0.9558823529411764,0.06293669148686107,0.9441176470588235,0.041484912880731833
9,0.01,0.5,0.930187524571232,0.05603283264427357,0.9558823529411764,0.05818063000551063,0.9399509803921569,0.039248973511022224
9,0.01,0.5,0.9322242274102623,0.05196490707077488,0.9621848739495799,0.055952337130078925,0.944327731092437,0.03783457327518235
9,0.01,0.5,0.9337517545395351,0.04867010749501775,0.9669117647058824,0.05374157757637346,0.9477153361344538,0.03646468802560475
9,0.01,0.5,0.9323163744055126,0.04802241920808092,0.9705882352941176,0.05166529797962823,0.9486227824463118,0.03547723193552743
9,0.01,0.5,0.9298011112339672,0.04664267826803002,0.9735294117647059,0.04975318373720713,0.9486134453781513,0.03385527638144271
3,0.05,0.5,0.9444444444444444,0,1,0,0.9705882352941176,0
3,0.05,0.5,0.9487847222222222,0.020977510370823915,0.9411764705882353,0.06288499809704104,0.9448529411764706,0.02914797673426809
3,0.05,0.5,0.945942265795207,0.017279621001323863,0.9362745098039216,0.05296097866932471,0.9411764705882353,0.025082437218307115
3,0.05,0.5,0.9594566993464052,0.028344492943675994,0.9522058823529411,0.053563875998618574,0.9558823529411764,0.03396178054056623
3,0.05,0.5,0.9520244238046096,0.03905794331717158,0.961764705882353,0.051476116465612995,0.9558823529411764,0.03373760792214144
3,0.05,0.5,0.9419891640866873,0.0422744176195916,0.9632352941176471,0.04848385833792552,0.9509803921568627,0.03321527662195765
3,0.05,0.5,0.9423399184235097,0.03902732929549166,0.9684873949579832,0.04662694760839912,0.953781512605042,0.03144249904852053
3,0.05,0.5,0.9426029841761265,0.036429373679256805,0.9724264705882353,0.04478464798031124,0.9559873949579831,0.029937028291744296
3,0.05,0.5,0.9428075908726063,0.03428957945408122,0.9754901960784313,0.04305441498302354,0.9576097105508871,0.028556202739489805
3,0.05,0.5,0.9428078775369797,0.032487794060006195,0.975,0.04188678438433535,0.957436974789916,0.027464092396836216
5,0.05,0.5,0.9320175438596491,0.02485380116959063,1,0,0.9632352941176471,0.01470588235294118
5,0.05,0.5,0.9434903895768834,0.0283336456551111,0.9485294117647058,0.06623480155644727,0.9448529411764706,0.024544792952831775
5,0.05,0.5,0.9417999656002752,0.022760185446304725,0.9313725490196079,0.06057984124052203,0.9362745098039216,0.02455432676284476
5,0.05,0.5,0.9563499742002064,0.032516681328654935,0.9485294117647058,0.06027618097623294,0.9522058823529411,0.03541645464350676
5,0.05,0.5,0.9542612659098727,0.03383998763484246,0.9588235294117647,0.05757182175642271,0.9558823529411764,0.03373760792214144
5,0.05,0.5,0.9436095344570576,0.039230935757917154,0.9583333333333334,0.05340565404015005,0.9497549019607843,0.03412290137980355
5,0.05,0.5,0.9437288073123986,0.03620973643388969,0.9642857142857143,0.05147892422826082,0.9527310924369747,0.032357185020022196
5,0.05,0.5,0.9438182619539044,0.03379382832482694,0.96875,0.0495191184930398,0.9550682773109244,0.030844168909673637
5,0.05,0.5,0.9438878377861866,0.03180480734896094,0.9722222222222222,0.047656106851477816,0.9567927170868348,0.02944664369878725
5,0.05,0.5,0.9438617991056072,0.03013318972288543,0.9735294117647059,0.04604873726315619,0.957436974789916,0.02826018413314207
7,0.05,0.5,0.9320175438596491,0.02485380116959063,1,0,0.9632352941176471,0.01470588235294118
7,0.05,0.5,0.9586558307533539,0.0380320853943949,0.9485294117647058,0.06623480155644727,0.9522058823529411,0.02188305321008368
7,0.05,0.5,0.9522166322669419,0.03181439314588441,0.9362745098039216,0.05860028940562484,0.9436274509803921,0.02332239591466939
7,0.05,0.5,0.9641624742002064,0.03462509920023128,0.9522058823529411,0.05771004961867231,0.9577205882352942,0.032162989612400494
7,0.05,0.5,0.9605112659098727,0.03598148940916217,0.961764705882353,0.054900117910984106,0.9602941176470589,0.030587937602742882
7,0.05,0.5,0.948817867790391,0.04223773302198075,0.9607843137254902,0.051065572487201845,0.9534313725490196,0.032354878652363965
7,0.05,0.5,0.9481930930266843,0.03901480146385667,0.9663865546218487,0.04915946435513794,0.9558823529411764,0.03048163089244712
7,0.05,0.5,0.9477245119539044,0.03643259843026442,0.9705882352941176,0.047248195817794054,0.9578256302521009,0.028922812947519805
7,0.05,0.5,0.9473600600084088,0.03430352532626257,0.9738562091503268,0.04544380905472997,0.9592436974789916,0.027522222602725202
7,0.05,0.5,0.9456624097007224,0.03355993930248767,0.9735294117647059,0.04407992354011785,0.958172268907563,0.026589760911667794
9,0.05,0.5,0.9320175438596491,0.02485380116959063,1,0,0.9632352941176471,0.01470588235294118
9,0.05,0.5,0.9508433307533539,0.03458947864451407,0.9338235294117647,0.07977662834473752,0.9411764705882353,0.027230002934486814
9,0.05,0.5,0.9470082989336085,0.028190133547499243,0.9264705882352942,0.06695178623288191,0.9362745098039216,0.02455432676284476
9,0.05,0.5,0.9602562242002064,0.033828864469477,0.9448529411764706,0.06609472074777717,0.9522058823529411,0.03541645464350676
9,0.05,0.5,0.9521231080151359,0.036221927867342504,0.9558823529411764,0.06293669148686107,0.9529411764705882,0.03221897397089213
9,0.05,0.5,0.9418277362114437,0.04047196759157979,0.9558823529411764,0.05818063000551063,0.9473039215686274,0.032427450433974325
9,0.05,0.5,0.9422015516733009,0.03736557124016276,0.9621848739495799,0.055952337130078925,0.9506302521008403,0.031058034820079402
9,0.05,0.5,0.9424819132696938,0.03487980590946446,0.9669117647058824,0.05374157757637346,0.9532300420168067,0.029815690029453522
9,0.05,0.5,0.9426999722891105,0.032832179768675814,0.9705882352941176,0.05166529797962824,0.9551587301587301,0.028600474451189167
9,0.05,0.5,0.941468330753354,0.03201593774292179,0.9705882352941176,0.049842267396254324,0.9544957983193277,0.027473320900617833
3,0.1,0.5,0.9320175438596491,0.02485380116959063,1,0,0.9632352941176471,0.01470588235294118
3,0.1,0.5,0.9425712719298246,0.02847021302335454,0.9411764705882353,0.06288499809704104,0.9411764705882353,0.027230002934486814
3,0.1,0.5,0.9417999656002752,0.022760185446304725,0.9362745098039216,0.05296097866932471,0.9387254901960784,0.02332239591466939
3,0.1,0.5,0.9563499742002064,0.032516681328654935,0.9522058823529411,0.053563875998618574,0.9540441176470588,0.03390867373631621
3,0.1,0.5,0.9492466460268317,0.03740701804076966,0.961764705882353,0.051476116465612995,0.9544117647058823,0.03232478369404618
3,0.1,0.5,0.9396743492718724,0.040441088313726434,0.9632352941176471,0.04848385833792552,0.9497549019607843,0.031842245356421536
3,0.1,0.5,0.9403557914393827,0.03736411945318234,0.9684873949579832,0.04662694760839912,0.9527310924369747,0.0303122349047633
3,0.1,0.5,0.9408668730650155,0.03489736111647369,0.9724264705882353,0.04478464798031124,0.9550682773109244,0.028978322162034283
3,0.1,0.5,0.9398836142644192,0.0337571885608684,0.9754901960784313,0.04305441498302354,0.9559757236227824,0.027732385853483026
3,0.1,0.5,0.9390970072239422,0.03280089774038385,0.9779411764705882,0.041460986447672606,0.9567016806722689,0.026677800584166488
5,0.1,0.5,0.9320175438596491,0.02485380116959063,1,0,0.9632352941176471,0.01470588235294118
5,0.1,0.5,0.9586558307533539,0.0380320853943949,0.9411764705882353,0.07030756525496434,0.9485294117647058,0.02079725827019258
5,0.1,0.5,0.9525230048159614,0.03167719463387435,0.9362745098039216,0.05860028940562483,0.9436274509803921,0.019663468335927105
5,0.1,0.5,0.9643922536119711,0.034448112162798895,0.9522058823529411,0.05771004961867231,0.9577205882352942,0.030316953129541628
5,0.1,0.5,0.9606950894392845,0.03586695015241951,0.961764705882353,0.054900117910984106,0.9602941176470589,0.02906138041670837
5,0.1,0.5,0.9489710540649008,0.042201552477253323,0.9607843137254902,0.051065572487201845,0.9534313725490196,0.031170759823760677
5,0.1,0.5,0.9483243955476928,0.038983655559089114,0.9663865546218487,0.04915946435513794,0.9558823529411764,0.029411764705882363
5,0.1,0.5,0.9478394016597868,0.036405101952006004,0.9705882352941176,0.047248195817794054,0.9578256302521009,0.02794135480960621
5,0.1,0.5,0.9460814174597714,0.035387033792792386,0.9738562091503268,0.04544380905472997,0.9584267040149393,0.026702134167415185
5,0.1,0.5,0.9458360208118335,0.03353458390439928,0.975,0.04395394464992137,0.9589075630252101,0.025664086942572627
7,0.1,0.5,0.9444444444444444,0,1,0,0.9705882352941176,0
7,0.1,0.5,0.9722222222222222,0.029695693545824946,0.9411764705882353,0.07030756525496434,0.9558823529411764,0.02223320429466043
7,0.1,0.5,0.9612608932461874,0.028714857624359613,0.9313725490196079,0.060579841240522035,0.946078431372549,0.024554326762844764
7,0.1,0.5,0.9709456699346405,0.0300800362461102,0.9485294117647058,0.06027618097623294,0.9595588235294118,0.03199444876878573
7,0.1,0.5,0.9606746646026831,0.035896384864999714,0.9588235294117647,0.05757182175642271,0.9588235294117647,0.029256556420872947
7,0.1,0.5,0.9487103686503842,0.04255931094022296,0.9558823529411764,0.0527561415466401,0.9509803921568627,0.03206294896690791
7,0.1,0.5,0.9481009509066785,0.03930986932667026,0.9621848739495799,0.051166792750028986,0.953781512605042,0.030406460294927707
7,0.1,0.5,0.9476438875988992,0.036706759706747645,0.9669117647058824,0.049413345958253474,0.9559873949579831,0.02898992691849676
7,0.1,0.5,0.9459076271834269,0.0356532152897105,0.9705882352941176,0.04768491078692809,0.9567927170868348,0.027717174287464896
7,0.1,0.5,0.9443552201582387,0.03473683877278475,0.9705882352941176,0.04614497297369036,0.9559663865546218,0.02669056597359562
9,0.1,0.5,0.9444444444444444,0,1,0,0.9705882352941176,0
9,0.1,0.5,0.9722222222222222,0.029695693545824946,0.9411764705882353,0.07030756525496434,0.9558823529411764,0.02223320429466043
9,0.1,0.5,0.9612608932461874,0.028714857624359613,0.9313725490196079,0.060579841240522035,0.946078431372549,0.024554326762844764
9,0.1,0.5,0.9709456699346405,0.0300800362461102,0.9485294117647058,0.06027618097623294,0.9595588235294118,0.03199444876878573
9,0.1,0.5,0.9606746646026831,0.035896384864999714,0.9588235294117647,0.05757182175642271,0.9588235294117647,0.029256556420872947
9,0.1,0.5,0.9487103686503842,0.04255931094022296,0.9558823529411764,0.0527561415466401,0.9509803921568627,0.03206294896690791
9,0.1,0.5,0.9481009509066785,0.03930986932667026,0.9621848739495799,0.051166792750028986,0.953781512605042,0.030406460294927707
9,0.1,0.5,0.9476438875988992,0.036706759706747645,0.9669117647058824,0.049413345958253474,0.9559873949579831,0.02898992691849676
9,0.1,0.5,0.9459076271834269,0.0356532152897105,0.9705882352941176,0.04768491078692809,0.9567927170868348,0.027717174287464896
9,0.1,0.5,0.9443552201582387,0.03473683877278475,0.9705882352941176,0.04614497297369036,0.9559663865546218,0.02669056597359562
3,0.15000000000000002,0.5,0.9444444444444444,0,1,0,0.9705882352941176,0
3,0.15000000000000002,0.5,0.9487847222222222,0.020977510370823915,0.9338235294117647,0.07331902675048382,0.9411764705882353,0.03144249904852052
3,0.15000000000000002,0.5,0.945942265795207,0.017279621001323863,0.9313725490196079,0.06057984124052203,0.9387254901960784,0.026480489334662356
3,0.15000000000000002,0.5,0.9594566993464052,0.028344492943675994,0.9485294117647058,0.06027618097623293,0.9540441176470588,0.03556878418367007
3,0.15000000000000002,0.5,0.953968868249054,0.02930204924887688,0.9588235294117647,0.05757182175642271,0.9558823529411764,0.03235997671883418
3,0.15000000000000002,0.5,0.9433658697397087,0.036013324779083075,0.9583333333333334,0.05340565404015005,0.9497549019607843,0.03300228013269953
3,0.15000000000000002,0.5,0.9435199518403853,0.033241015748149416,0.9642857142857143,0.05147892422826082,0.9527310924369747,0.031351387587645135
3,0.15000000000000002,0.5,0.9436355134158927,0.03102395009175545,0.96875,0.0495191184930398,0.9550682773109244,0.029925790808724876
3,0.15000000000000002,0.5,0.9437253946412874,0.02919852075751935,0.9722222222222222,0.047656106851477816,0.9567927170868348,0.02859498710967564
3,0.15000000000000002,0.5,0.942391210870313,0.028725742940300416,0.9720588235294118,0.046120932871525466,0.9559663865546218,0.027509052111041522
5,0.15000000000000002,0.5,0.9320175438596491,0.02485380116959063,1,0,0.9632352941176471,0.01470588235294118
5,0.15000000000000002,0.5,0.9434903895768834,0.0283336456551111,0.9558823529411764,0.05214148590752461,0.9485294117647058,0.020797258270192576
5,0.15000000000000002,0.5,0.9421063381492948,0.02272175395209096,0.9411764705882353,0.05016487443661423,0.9411764705882353,0.021722027819882254
5,0.15000000000000002,0.5,0.9565797536119711,0.03238733021486887,0.9558823529411764,0.050373461092804446,0.9558823529411764,0.032218973970892135
5,0.15000000000000002,0.5,0.9516673116615066,0.03205077267134264,0.9647058823529412,0.04828133421577196,0.9573529411764706,0.029373039521601623
5,0.15000000000000002,0.5,0.9414479059167526,0.03734433658156547,0.9632352941176471,0.045274682780308134,0.9509803921568627,0.030867633401929537
5,0.15000000000000002,0.5,0.9418759828492801,0.034483798608645595,0.9684873949579832,0.04379224324329138,0.953781512605042,0.02933385260953317
5,0.15000000000000002,0.5,0.9421970405486756,0.03219379993273817,0.9724264705882353,0.04221878129359887,0.9559873949579831,0.028010820454582686
5,0.15000000000000002,0.5,0.9410659853610059,0.031328322191330166,0.9754901960784313,0.040693445421187406,0.9567927170868348,0.02681063619463168
5,0.15000000000000002,0.5,0.9414038312693498,0.029696033726846913,0.9779411764705882,0.03926279222095062,0.958172268907563,0.025742061869293197
7,0.15000000000000002,0.5,0.9320175438596491,0.02485380116959063,1,0,0.9632352941176471,0.01470588235294118
7,0.15000000000000002,0.5,0.9508433307533539,0.03458947864451407,0.9338235294117647,0.07977662834473752,0.9411764705882353,0.027230002934486814
7,0.15000000000000002,0.5,0.9473146714826282,0.02809722734178877,0.9313725490196079,0.06556710929678974,0.9387254901960784,0.02332239591466939
7,0.15000000000000002,0.5,0.9604860036119711,0.0336761315575369,0.9485294117647058,0.06398889753757146,0.9540441176470588,0.03390867373631621
7,0.15000000000000002,0.5,0.9547923116615067,0.03360592999839484,0.9588235294117647,0.06065267546128457,0.9558823529411764,0.030921028413991
7,0.15000000000000002,0.5,0.9440520725834193,0.039190609601877605,0.9583333333333334,0.0561520391609307,0.9497549019607843,0.03184224535642154
7,0.15000000000000002,0.5,0.9441081257064229,0.036171565008930394,0.9642857142857143,0.053910957278607244,0.9527310924369747,0.0303122349047633
7,0.15000000000000002,0.5,0.9441501655486756,0.0337575382244828,0.96875,0.05172409783777168,0.9550682773109244,0.028978322162034283
7,0.15000000000000002,0.5,0.9428020964721171,0.0328212591739659,0.9722222222222222,0.049687329064085475,0.9559757236227824,0.027732385853483026
7,0.15000000000000002,0.5,0.9415602425180598,0.032009529885154514,0.9720588235294118,0.048006114122768874,0.9552310924369748,0.02668255120995249
9,0.15000000000000002,0.5,0.9320175438596491,0.02485380116959063,1,0,0.9632352941176471,0.01470588235294118
9,0.15000000000000002,0.5,0.9508433307533539,0.03458947864451407,0.9338235294117647,0.07977662834473752,0.9411764705882353,0.027230002934486814
9,0.15000000000000002,0.5,0.9473146714826282,0.02809722734178877,0.9313725490196079,0.06556710929678974,0.9387254901960784,0.02332239591466939
9,0.15000000000000002,0.5,0.9604860036119711,0.0336761315575369,0.9485294117647058,0.06398889753757146,0.9540441176470588,0.03390867373631621
9,0.15000000000000002,0.5,0.9547923116615067,0.03360592999839484,0.9588235294117647,0.06065267546128457,0.9558823529411764,0.030921028413991
9,0.15000000000000002,0.5,0.9440520725834193,0.039190609601877605,0.9583333333333334,0.0561520391609307,0.9497549019607843,0.03184224535642154
9,0.15000000000000002,0.5,0.9441081257064229,0.036171565008930394,0.9642857142857143,0.053910957278607244,0.9527310924369747,0.0303122349047633
9,0.15000000000000002,0.5,0.9441501655486756,0.0337575382244828,0.96875,0.05172409783777168,0.9550682773109244,0.028978322162034283
9,0.15000000000000002,0.5,0.9428020964721171,0.0328212591739659,0.9722222222222222,0.049687329064085475,0.9559757236227824,0.027732385853483026
9,0.15000000000000002,0.5,0.9415602425180598,0.032009529885154514,0.9720588235294118,0.048006114122768874,0.9552310924369748,0.02668255120995249
3,0.2,0.5,0.9444444444444444,0,1,0,0.9705882352941176,0
3,0.2,0.5,0.9565972222222222,0.026959679050994435,0.9411764705882353,0.06288499809704104,0.9485294117647058,0.026070742953762313
3,0.2,0.5,0.9511505991285403,0.022981977649907084,0.9362745098039216,0.05296097866932471,0.9436274509803921,0.02332239591466939
3,0.2,0.5,0.9633629493464052,0.029403714232741438,0.9522058823529411,0.053563875998618574,0.9577205882352942,0.032162989612400494
3,0.2,0.5,0.9521231080151359,0.03622192786734251,0.961764705882353,0.051476116465612995,0.9558823529411764,0.02941176470588236
3,0.2,0.5,0.9442500501662653,0.03853042531408128,0.9632352941176471,0.04848385833792552,0.9522058823529411,0.02851906105903352
3,0.2,0.5,0.9442778207774337,0.03556203973084003,0.9684873949579832,0.04662694760839912,0.9548319327731092,0.02712474547468964
3,0.2,0.5,0.9442986487358102,0.03318855285415501,0.9724264705882353,0.04478464798031124,0.956906512605042,0.025921325454032914
3,0.2,0.5,0.9443148482589917,0.031234576461449618,0.9754901960784313,0.04305441498302354,0.9584267040149393,0.024781866242335752
3,0.2,0.5,0.9416790290677675,0.03154309682706767,0.975,0.04188678438433535,0.9567016806722689,0.02405452422803537
5,0.2,0.5,0.9320175438596491,0.02485380116959063,1,0,0.9632352941176471,0.01470588235294118
5,0.2,0.5,0.9503224974200206,0.034849491952562234,0.9264705882352942,0.08753221284033473,0.9375,0.03311740077822364
5,0.2,0.5,0.9463547041623667,0.02842756049474002,0.9166666666666666,0.07294778878659681,0.9313725490196079,0.028962703759843
5,0.2,0.5,0.959766028121775,0.0341787862560241,0.9375,0.07274086980999823,0.9485294117647058,0.03946002313234923
5,0.2,0.5,0.9622572669418644,0.033329110770907326,0.95,0.06953549343991874,0.9558823529411764,0.038761560450615844
5,0.2,0.5,0.950516533367733,0.04047615530519606,0.9534313725490196,0.06485490086794864,0.9509803921568627,0.03747188572180036
5,0.2,0.5,0.9496490920929775,0.03742041072285988,0.9600840336134454,0.0621160696401588,0.953781512605042,0.035283741601664226
5,0.2,0.5,0.9489985111369109,0.0349666024962401,0.9650735294117647,0.0595015478810893,0.9559873949579831,0.033458404979083506
5,0.2,0.5,0.9484925037266368,0.03293990307983691,0.9689542483660131,0.057094091346265266,0.9576097105508871,0.03183053352022375
5,0.2,0.5,0.9466816090471276,0.03236737656498176,0.9691176470588235,0.05490330746032078,0.9567016806722689,0.03055344864813533
7,0.2,0.5,0.9444444444444444,0,1,0,0.9705882352941176,0
7,0.2,0.5,0.9487234477124182,0.021119735365083367,0.9338235294117647,0.07977662834473752,0.9411764705882353,0.03515378262748217
7,0.2,0.5,0.9459014161220043,0.017382259962289537,0.9313725490196079,0.06556710929678974,0.9387254901960784,0.029300144702812416
7,0.2,0.5,0.9594260620915033,0.028406035635848412,0.9485294117647058,0.06398889753757146,0.9540441176470588,0.03715479325811216
7,0.2,0.5,0.9567221362229102,0.03098145112346338,0.9588235294117647,0.06065267546128457,0.9573529411764706,0.03502867155625768
7,0.2,0.5,0.9454165950005733,0.038207094401655026,0.9558823529411764,0.05553465665117256,0.9497549019607843,0.036260394479556465
7,0.2,0.5,0.9452777163496977,0.035265252913888934,0.9621848739495799,0.0536129868158939,0.9527310924369747,0.03428036259899167
7,0.2,0.5,0.9451735573615411,0.032912718347860415,0.9669117647058824,0.05162284338927589,0.9550682773109244,0.0326034101917316
7,0.2,0.5,0.9437117780835531,0.03209325261151221,0.9705882352941176,0.04971495616050098,0.9559757236227824,0.031093590567988574
7,0.2,0.5,0.9424606553147574,0.031375567671801455,0.9720588235294118,0.048006114122768874,0.9559663865546218,0.029830066312688808
9,0.2,0.5,0.9444444444444444,0,1,0,0.9705882352941176,0
9,0.2,0.5,0.9487234477124182,0.021119735365083367,0.9338235294117647,0.07977662834473752,0.9411764705882353,0.03515378262748217
9,0.2,0.5,0.9459014161220043,0.017382259962289537,0.9313725490196079,0.06556710929678974,0.9387254901960784,0.029300144702812416
9,0.2,0.5,0.9594260620915033,0.028406035635848412,0.9485294117647058,0.06398889753757146,0.9540441176470588,0.03715479325811216
9,0.2,0.5,0.9567221362229102,0.03098145112346338,0.9588235294117647,0.06065267546128457,0.9573529411764706,0.03502867155625768
9,0.2,0.5,0.9454165950005733,0.038207094401655026,0.9558823529411764,0.05553465665117256,0.9497549019607843,0.036260394479556465
9,0.2,0.5,0.9452777163496977,0.035265252913888934,0.9621848739495799,0.0536129868158939,0.9527310924369747,0.03428036259899167
9,0.2,0.5,0.9451735573615411,0.032912718347860415,0.9669117647058824,0.05162284338927589,0.9550682773109244,0.0326034101917316
9,0.2,0.5,0.9437117780835531,0.03209325261151221,0.9705882352941176,0.04971495616050098,0.9559757236227824,0.031093590567988574
9,0.2,0.5,0.9424606553147574,0.031375567671801455,0.9720588235294118,0.048006114122768874,0.9559663865546218,0.029830066312688808
3,0.25,0.5,0.9320175438596491,0.02485380116959063,1,0,0.9632352941176471,0.01470588235294118
3,0.25,0.5,0.9586558307533539,0.0380320853943949,0.9411764705882353,0.07030756525496434,0.9485294117647058,0.02079725827019258
3,0.25,0.5,0.9528293773649811,0.03153615249232507,0.9411764705882353,0.05608603466150544,0.946078431372549,0.016980890270283114
3,0.25,0.5,0.9646220330237358,0.034268567690656955,0.9558823529411764,0.054761725661839,0.9595588235294118,0.028159620816362894
3,0.25,0.5,0.963656690746474,0.03655612796539582,0.9647058823529412,0.0519164676563581,0.9632352941176471,0.0284278137340665
3,0.25,0.5,0.9516827198715744,0.04305202884831928,0.9656862745098039,0.048806013764594536,0.9571078431372549,0.030018256651754636
3,0.25,0.5,0.9506486805248415,0.03981885241257019,0.9705882352941176,0.04667600280093366,0.9590336134453782,0.028118957082778742
3,0.25,0.5,0.9498731510147919,0.03721963196415163,0.9742647058823529,0.0446676656786844,0.9605829831932773,0.026570640857146333
3,0.25,0.5,0.9492699613958644,0.03507099590107871,0.9771241830065359,0.042830588063971775,0.9616946778711485,0.02520878347985848
3,0.25,0.5,0.9462203302373581,0.03534214407705962,0.9779411764705882,0.041460986447672606,0.9603781512605042,0.024554832894184416
5,0.25,0.5,0.9320175438596491,0.02485380116959063,1,0,0.9632352941176471,0.01470588235294118
5,0.25,0.5,0.9586558307533539,0.0380320853943949,0.9264705882352942,0.08753221284033473,0.9411764705882353,0.027230002934486814
5,0.25,0.5,0.9522166322669419,0.03181439314588441,0.9215686274509803,0.0724067593996075,0.9362745098039216,0.02455432676284476
5,0.25,0.5,0.9641624742002064,0.03462509920023128,0.9411764705882353,0.07123883186111746,0.9522058823529411,0.03541645464350676
5,0.25,0.5,0.9632890436876504,0.036810739567282647,0.9529411764705882,0.06774457905440422,0.9573529411764706,0.03502867155625768
5,0.25,0.5,0.9508890178878568,0.04383608657486656,0.9509803921568627,0.06173526680385909,0.9497549019607843,0.036260394479556465
5,0.25,0.5,0.949968364538798,0.04052400039553879,0.957983193277311,0.059596539298722495,0.9527310924369747,0.03428036259899168
5,0.25,0.5,0.9492778745270037,0.03786480719603785,0.9632352941176471,0.057382734440369836,0.9550682773109244,0.03260341019173161
5,0.25,0.5,0.9487408267400528,0.035668760800903226,0.9673202614379085,0.05526093129706531,0.9567927170868348,0.031080024127483365
5,0.25,0.5,0.9482294891640867,0.03382885088634786,0.9691176470588235,0.05326280715334073,0.957436974789916,0.02978860989293341
7,0.25,0.5,0.9320175438596491,0.02485380116959063,1,0,0.9632352941176471,0.01470588235294118
7,0.25,0.5,0.9439499484004128,0.028252302642112693,0.9558823529411764,0.06088813758903127,0.9485294117647058,0.02079725827019258
7,0.25,0.5,0.942719083247334,0.022631125500597708,0.946078431372549,0.05296097866932472,0.9436274509803921,0.019663468335927105
7,0.25,0.5,0.9570393124355006,0.03212180622540747,0.9595588235294118,0.05136543881344996,0.9577205882352942,0.030316953129541628
7,0.25,0.5,0.9520349587203303,0.03189932792065088,0.9676470588235294,0.04856340867540567,0.9588235294117647,0.027656608587154546
7,0.25,0.5,0.943932927703245,0.03559077723598512,0.9656862745098039,0.04561950636641404,0.9534313725490196,0.028656106831761403
7,0.25,0.5,0.9440060015234164,0.032849305670316825,0.9705882352941176,0.0438444701470547,0.9558823529411764,0.02714582961737934
7,0.25,0.5,0.9440608068885449,0.030657182842121874,0.9742647058823529,0.042094668978138544,0.9578256302521009,0.02586696171169845
7,0.25,0.5,0.9400992097618774,0.03374329090551799,0.9771241830065359,0.04045655848712787,0.9567927170868348,0.025872353504080063
7,0.25,0.5,0.9403703345373237,0.03198095651486399,0.9764705882352941,0.039516194012217946,0.9567016806722689,0.02495960279920893
9,0.25,0.5,0.9320175438596491,0.02485380116959063,1,0,0.9632352941176471,0.01470588235294118
9,0.25,0.5,0.9439499484004128,0.028252302642112693,0.9558823529411764,0.06088813758903127,0.9485294117647058,0.02079725827019258
9,0.25,0.5,0.942719083247334,0.022631125500597708,0.946078431372549,0.05296097866932472,0.9436274509803921,0.019663468335927105
9,0.25,0.5,0.9570393124355006,0.03212180622540747,0.9595588235294118,0.05136543881344996,0.9577205882352942,0.030316953129541628
9,0.25,0.5,0.9520349587203303,0.03189932792065088,0.9676470588235294,0.04856340867540567,0.9588235294117647,0.027656608587154546
9,0.25,0.5,0.943932927703245,0.03559077723598512,0.9656862745098039,0.04561950636641404,0.9534313725490196,0.028656106831761403
9,0.25,0.5,0.9440060015234164,0.032849305670316825,0.9705882352941176,0.0438444701470547,0.9558823529411764,0.02714582961737934
9,0.25,0.5,0.9440608068885449,0.030657182842121874,0.9742647058823529,0.042094668978138544,0.9578256302521009,0.02586696171169845
9,0.25,0.5,0.9400992097618774,0.03374329090551799,0.9771241830065359,0.04045655848712787,0.9567927170868348,0.025872353504080063
9,0.25,0.5,0.9403703345373237,0.03198095651486399,0.9764705882352941,0.039516194012217946,0.9567016806722689,0.02495960279920893
3,0.3,0.5,0.9444444444444444,0,1,0,0.9705882352941176,0
3,0.3,0.5,0.957516339869281,0.0262602448373954,0.9485294117647058,0.06623480155644727,0.9522058823529411,0.02188305321008368
3,0.3,0.5,0.9514569716775599,0.022807300022767884,0.9362745098039216,0.05860028940562484,0.9436274509803921,0.02332239591466939
3,0.3,0.5,0.9635927287581699,0.029201802539973103,0.9522058823529411,0.05771004961867231,0.9577205882352942,0.032162989612400494
3,0.3,0.5,0.9550408496732026,0.03651370669768058,0.961764705882353,0.054900117910984106,0.9573529411764706,0.030884195728595916
3,0.3,0.5,0.9426388172227955,0.04426335819285127,0.9632352941176471,0.0514934183930969,0.9509803921568627,0.03206294896690791
3,0.3,0.5,0.9428967639687453,0.04085829637938293,0.9684873949579832,0.04929892410867799,0.953781512605042,0.030406460294927707
3,0.3,0.5,0.9430902240282077,0.03813481769674381,0.9724264705882353,0.04721126873453047,0.9559873949579831,0.02898992691849676
3,0.3,0.5,0.9432406929633451,0.03589218558922879,0.9754901960784313,0.045292480599031515,0.9576097105508871,0.02767715985389459
3,0.3,0.5,0.9408756879944961,0.035652571998522314,0.9779411764705882,0.04354836324642573,0.957436974789916,0.0266442251740376
5,0.3,0.5,0.9320175438596491,0.02485380116959063,1,0,0.9632352941176471,0.01470588235294118
5,0.3,0.5,0.9513028895768834,0.03441083381240638,0.9411764705882353,0.07701807890682086,0.9448529411764706,0.024544792952831775
5,0.3,0.5,0.9473146714826282,0.028097227341788773,0.9313725490196079,0.06556710929678974,0.9387254901960784,0.023322395914669388
5,0.3,0.5,0.9604860036119711,0.0336761315575369,0.9485294117647058,0.06398889753757146,0.9540441176470588,0.03390867373631621
5,0.3,0.5,0.9600554695562435,0.03190518117540596,0.9588235294117647,0.06065267546128457,0.9588235294117647,0.03221897397089213
5,0.3,0.5,0.9486817022130489,0.03895291456246685,0.9607843137254902,0.05665216615800906,0.9534313725490196,0.032354878652363965
5,0.3,0.5,0.9480763796746768,0.035983606092336015,0.9663865546218487,0.054122788968027795,0.9558823529411764,0.030481630892447122
5,0.3,0.5,0.9476223877708978,0.033604102014071074,0.9705882352941176,0.0517578053016541,0.9578256302521009,0.028922812947519805
5,0.3,0.5,0.9472692829568474,0.0316418414418676,0.9738562091503268,0.04960435545362162,0.9592436974789916,0.027522222602725202
5,0.3,0.5,0.9454990110079119,0.031127481658951104,0.9720588235294118,0.048006114122768874,0.957436974789916,0.0266442251740376
7,0.3,0.5,0.9208333333333333,0.04722222222222223,1,0,0.9558823529411764,0.029411764705882356
7,0.3,0.5,0.953063725490196,0.050136037727137456,0.9558823529411764,0.05214148590752461,0.9522058823529411,0.021883053210083683
7,0.3,0.5,0.9481821895424837,0.0406508399967328,0.9362745098039216,0.05296097866932471,0.9411764705882353,0.025082437218307115
7,0.3,0.5,0.9611366421568628,0.04181917834253637,0.9522058823529411,0.053563875998618574,0.9558823529411764,0.03396178054056623
7,0.3,0.5,0.9580906002751978,0.041373549072637475,0.961764705882353,0.051476116465612995,0.9588235294117647,0.03221897397089213
7,0.3,0.5,0.9470443111455108,0.04530106999200419,0.9632352941176471,0.04848385833792552,0.9534313725490196,0.032354878652363965
7,0.3,0.5,0.9466729016167871,0.04182125741687014,0.9684873949579832,0.04662694760839911,0.9558823529411764,0.030481630892447122
7,0.3,0.5,0.9463943444702442,0.03903714340291428,0.9724264705882353,0.04478464798031124,0.9578256302521009,0.028922812947519805
7,0.3,0.5,0.9447969221801781,0.03773172068726015,0.9754901960784313,0.04305441498302354,0.9584267040149393,0.027612234723315175
7,0.3,0.5,0.9445982757137943,0.03575335075370213,0.975,0.04188678438433535,0.958172268907563,0.026589760911667797
9,0.3,0.5,0.9208333333333333,0.04722222222222223,1,0,0.9558823529411764,0.029411764705882356
9,0.3,0.5,0.953063725490196,0.050136037727137456,0.9558823529411764,0.05214148590752461,0.9522058823529411,0.021883053210083683
9,0.3,0.5,0.9481821895424837,0.0406508399967328,0.9362745098039216,0.05296097866932471,0.9411764705882353,0.025082437218307115
9,0.3,0.5,0.9611366421568628,0.04181917834253637,0.9522058823529411,0.053563875998618574,0.9558823529411764,0.03396178054056623
9,0.3,0.5,0.9580906002751978,0.041373549072637475,0.961764705882353,0.051476116465612995,0.9588235294117647,0.03221897397089213
9,0.3,0.5,0.9470443111455108,0.04530106999200419,0.9632352941176471,0.04848385833792552,0.9534313725490196,0.032354878652363965
9,0.3,0.5,0.9466729016167871,0.04182125741687014,0.9684873949579832,0.04662694760839911,0.9558823529411764,0.030481630892447122
9,0.3,0.5,0.9463943444702442,0.03903714340291428,0.9724264705882353,0.04478464798031124,0.9578256302521009,0.028922812947519805
9,0.3,0.5,0.9447969221801781,0.03773172068726015,0.9754901960784313,0.04305441498302354,0.9584267040149393,0.027612234723315175
9,0.3,0.5,0.9445982757137943,0.03575335075370213,0.975,0.04188678438433535,0.958172268907563,0.026589760911667797
3,0.35000000000000003,0.5,0.9444444444444444,0,1,0,0.9705882352941176,0
3,0.35000000000000003,0.5,0.9565972222222222,0.026959679050994435,0.9338235294117647,0.07331902675048382,0.9448529411764706,0.02914797673426809
3,0.35000000000000003,0.5,0.9514569716775599,0.02280730002276788,0.9362745098039216,0.058600289405624825,0.9436274509803921,0.02332239591466939
3,0.35000000000000003,0.5,0.9635927287581699,0.029201802539973103,0.9522058823529411,0.05771004961867231,0.9577205882352942,0.032162989612400494
3,0.35000000000000003,0.5,0.9553332473340214,0.04023835938292369,0.961764705882353,0.054900117910984106,0.9573529411764706,0.03232478369404618
3,0.35000000000000003,0.5,0.9449901817452127,0.043552325032180726,0.9656862745098039,0.05179685895944166,0.9534313725490196,0.031170759823760674
3,0.35000000000000003,0.5,0.9449122192736744,0.040197446247423316,0.9705882352941176,0.04934532310634477,0.9558823529411764,0.029411764705882366
3,0.35000000000000003,0.5,0.9448537474200206,0.03751485827642556,0.9742647058823529,0.04710031377800348,0.9578256302521009,0.02794135480960621
3,0.35000000000000003,0.5,0.9448082693116233,0.03530637255102504,0.9771241830065359,0.045079767337341994,0.9592436974789916,0.02660904356930454
3,0.35000000000000003,0.5,0.9447718868249054,0.033447001521977084,0.9794117647058823,0.04326732071218662,0.9603781512605042,0.025442119693894587
5,0.35000000000000003,0.5,0.9444444444444444,0,1,0,0.9705882352941176,0
5,0.35000000000000003,0.5,0.9722222222222222,0.029695693545824946,0.9264705882352942,0.08753221284033473,0.9485294117647058,0.03044406879451563
5,0.35000000000000003,0.5,0.9612608932461874,0.028714857624359613,0.9215686274509803,0.0724067593996075,0.9411764705882353,0.02804301733075272
5,0.35000000000000003,0.5,0.9709456699346405,0.0300800362461102,0.9411764705882353,0.07123883186111746,0.9558823529411764,0.03561941593055873
5,0.35000000000000003,0.5,0.9612156002751978,0.04209059975067139,0.9529411764705882,0.06774457905440422,0.9558823529411764,0.035061150628192345
5,0.35000000000000003,0.5,0.9494048130948286,0.04682333371118448,0.9534313725490196,0.06249216389369907,0.9497549019607843,0.03520787274452156
5,0.35000000000000003,0.5,0.9486961890019165,0.04325211457802876,0.9600840336134454,0.06001745106670443,0.9527310924369747,0.0333326467771335
5,0.35000000000000003,0.5,0.9481647209322325,0.04039059171788688,0.9650735294117647,0.057595095272444004,0.9550682773109244,0.031735982038206934
5,0.35000000000000003,0.5,0.9479138000229331,0.04005005638602337,0.9689542483660131,0.055335423711872306,0.9567927170868348,0.03108002412748337
5,0.35000000000000003,0.5,0.9474851651186791,0.037965705630005044,0.9705882352941176,0.053283625136216275,0.957436974789916,0.029788609892933415
7,0.35000000000000003,0.5,0.9444444444444444,0,1,0,0.9705882352941176,0
7,0.35000000000000003,0.5,0.9570567810457516,0.0266167943534644,0.9338235294117647,0.07977662834473752,0.9448529411764706,0.02914797673426809
7,0.35000000000000003,0.5,0.9514569716775599,0.02280730002276788,0.9313725490196079,0.06556710929678974,0.9411764705882353,0.025082437218307115
7,0.35000000000000003,0.5,0.9635927287581699,0.029201802539973103,0.9485294117647058,0.06398889753757146,0.9558823529411764,0.03396178054056623
7,0.35000000000000003,0.5,0.9578186274509803,0.037757177892674174,0.9588235294117647,0.06065267546128457,0.9573529411764706,0.03370385342852542
7,0.35000000000000003,0.5,0.9465740024079807,0.04287754310698242,0.9583333333333334,0.0561520391609307,0.9509803921568627,0.03432894559539793
7,0.35000000000000003,0.5,0.9462697798417612,0.03958145553282638,0.9642857142857143,0.053910957278607244,0.953781512605042,0.0324454721828087
7,0.35000000000000003,0.5,0.9460416129170967,0.036944743075875704,0.96875,0.05172409783777168,0.9559873949579831,0.030855071919242284
7,0.35000000000000003,0.5,0.9444833830218247,0.03580293552371156,0.9722222222222222,0.049687329064085475,0.9567927170868348,0.02944664369878725
7,0.35000000000000003,0.5,0.9443160904712762,0.03392507265235702,0.9720588235294118,0.048006114122768874,0.9567016806722689,0.028291841865153097
9,0.35000000000000003,0.5,0.9444444444444444,0,1,0,0.9705882352941176,0
9,0.35000000000000003,0.5,0.9570567810457516,0.0266167943534644,0.9338235294117647,0.07977662834473752,0.9448529411764706,0.02914797673426809
9,0.35000000000000003,0.5,0.9514569716775599,0.02280730002276788,0.9313725490196079,0.06556710929678974,0.9411764705882353,0.025082437218307115
9,0.35000000000000003,0.5,0.9635927287581699,0.029201802539973103,0.9485294117647058,0.06398889753757146,0.9558823529411764,0.03396178054056623
9,0.35000000000000003,0.5,0.9578186274509803,0.037757177892674174,0.9588235294117647,0.06065267546128457,0.9573529411764706,0.03370385342852542
9,0.35000000000000003,0.5,0.9465740024079807,0.04287754310698242,0.9583333333333334,0.0561520391609307,0.9509803921568627,0.03432894559539793
9,0.35000000000000003,0.5,0.9462697798417612,0.03958145553282638,0.9642857142857143,0.053910957278607244,0.953781512605042,0.0324454721828087
9,0.35000000000000003,0.5,0.9460416129170967,0.036944743075875704,0.96875,0.05172409783777168,0.9559873949579831,0.030855071919242284
9,0.35000000000000003,0.5,0.9444833830218247,0.03580293552371156,0.9722222222222222,0.049687329064085475,0.9567927170868348,0.02944664369878725
9,0.35000000000000003,0.5,0.9443160904712762,0.03392507265235702,0.9720588235294118,0.048006114122768874,0.9567016806722689,0.028291841865153097
3,0.4,0.5,0.9444444444444444,0,1,0,0.9705882352941176,0
3,0.4,0.5,0.9644097222222222,0.029564906885288903,0.9191176470588235,0.08858474219457152,0.9411764705882353,0.03144249904852052
3,0.4,0.5,0.961567265795207,0.02845674731978134,0.9264705882352942,0.07149594629476438,0.9436274509803921,0.026480489334662356
3,0.4,0.5,0.9711754493464052,0.029820436307572157,0.9448529411764706,0.0694972886213619,0.9577205882352942,0.0339086737363162
3,0.4,0.5,0.9561362659098727,0.04346752753865995,0.9558823529411764,0.06576670522058206,0.9544117647058823,0.03232478369404618
3,0.4,0.5,0.9435516640866873,0.049421600540759024,0.9583333333333334,0.06127664105415451,0.9485294117647058,0.032740069346527144
3,0.4,0.5,0.9436792041377955,0.0456151812636397,0.9642857142857143,0.058472341022823844,0.9516806722689075,0.031223384887406103
3,0.4,0.5,0.9437748591761266,0.04257144209399797,0.96875,0.055873613618046034,0.9541491596638655,0.029885384251472292
3,0.4,0.5,0.9372215772273822,0.046176290723929266,0.9722222222222222,0.053518996329239954,0.951890756302521,0.030016674306608756
3,0.4,0.5,0.9379438639490884,0.043799237551827845,0.975,0.051397815393288415,0.9537605042016807,0.02899759953342037
5,0.4,0.5,0.9195906432748537,0.028698697591297166,1,0,0.9558823529411764,0.016980890270283117
5,0.4,0.5,0.9597953216374269,0.046907469749670555,0.9485294117647058,0.05829595346853618,0.9522058823529411,0.015222034397257816
5,0.4,0.5,0.9529762928563238,0.03876698589430336,0.9362745098039216,0.05296097866932471,0.9436274509803921,0.019663468335927105
5,0.4,0.5,0.9647322196422429,0.039298310607643966,0.9522058823529411,0.053563875998618574,0.9577205882352942,0.030316953129541628
5,0.4,0.5,0.9662302201582387,0.03729773412475917,0.961764705882353,0.051476116465612995,0.9632352941176471,0.029986641838715977
5,0.4,0.5,0.9557623122348354,0.04247956268347714,0.9607843137254902,0.04802921064280742,0.9571078431372549,0.031246081946849535
5,0.4,0.5,0.9541454739790654,0.039413752314972364,0.9663865546218487,0.046479471389929576,0.9590336134453782,0.02923617051141192
5,0.4,0.5,0.9529328452872377,0.0369272910010016,0.9705882352941176,0.04482357423536135,0.9605829831932773,0.02760088324239587
5,0.4,0.5,0.9519896896380384,0.03485830817281947,0.9738562091503268,0.043213581570144315,0.9616946778711485,0.026170867426495374
5,0.4,0.5,0.94874978500172,0.03536560583706444,0.9764705882352941,0.04170103276226862,0.9611134453781512,0.025297548124819977
7,0.4,0.5,0.9195906432748537,0.028698697591297166,1,0,0.9558823529411764,0.016980890270283117
7,0.4,0.5,0.9524423804609563,0.04423943704241846,0.9485294117647058,0.05829595346853618,0.9485294117647058,0.013615001467243404
7,0.4,0.5,0.9532826654053435,0.038647903558265063,0.9362745098039216,0.05296097866932471,0.9436274509803921,0.015144960310130507
7,0.4,0.5,0.9649619990540076,0.03913889199489925,0.9522058823529411,0.053563875998618574,0.9577205882352942,0.028350968119453444
7,0.4,0.5,0.9639286635706914,0.04023895931649688,0.961764705882353,0.051476116465612995,0.961764705882353,0.028785910878211356
7,0.4,0.5,0.9516656991744066,0.046079132078924716,0.9607843137254902,0.04802921064280742,0.954656862745098,0.031246081946849538
7,0.4,0.5,0.9506340913558405,0.0426068919701112,0.9663865546218487,0.046479471389929576,0.9569327731092437,0.029392306043675685
7,0.4,0.5,0.9515964966030271,0.040773435584370216,0.9705882352941176,0.04482357423536135,0.9596376050420168,0.02872369006921152
7,0.4,0.5,0.9508018241409624,0.038440506082093755,0.9738562091503268,0.043213581570144315,0.9608543417366947,0.027256941754872713
7,0.4,0.5,0.9464380159958721,0.03936257751038162,0.9764705882352941,0.04170103276226862,0.9596218487394957,0.02640831917634362
9,0.4,0.5,0.9195906432748537,0.028698697591297166,1,0,0.9558823529411764,0.016980890270283117
9,0.4,0.5,0.9524423804609563,0.04423943704241846,0.9485294117647058,0.05829595346853618,0.9485294117647058,0.013615001467243404
9,0.4,0.5,0.9532826654053435,0.038647903558265063,0.9362745098039216,0.05296097866932471,0.9436274509803921,0.015144960310130507
9,0.4,0.5,0.9649619990540076,0.03913889199489925,0.9522058823529411,0.053563875998618574,0.9577205882352942,0.028350968119453444
9,0.4,0.5,0.9639286635706914,0.04023895931649688,0.961764705882353,0.051476116465612995,0.961764705882353,0.028785910878211356
9,0.4,0.5,0.9516656991744066,0.046079132078924716,0.9607843137254902,0.04802921064280742,0.954656862745098,0.031246081946849538
9,0.4,0.5,0.9506340913558405,0.0426068919701112,0.9663865546218487,0.046479471389929576,0.9569327731092437,0.029392306043675685
9,0.4,0.5,0.9515964966030271,0.040773435584370216,0.9705882352941176,0.04482357423536135,0.9596376050420168,0.02872369006921152
9,0.4,0.5,0.9508018241409624,0.038440506082093755,0.9738562091503268,0.043213581570144315,0.9608543417366947,0.027256941754872713
9,0.4,0.5,0.9464380159958721,0.03936257751038162,0.9764705882352941,0.04170103276226862,0.9596218487394957,0.02640831917634362
